code,year,high,low,change_in_close
aapl,2010,11.666428565979004,6.794642925262451,3.876786231994629
aapl,2011,15.239286422729492,11.089285850524902,2.6939287185668945
aapl,2012,25.18107032775879,14.60714340209961,4.319285392761227
aapl,2013,20.540714263916016,13.753570556640623,0.4282150268554723
aapl,2014,29.9375,17.626785278320312,7.840356826782223
aapl,2015,33.6349983215332,23.0,-1.017499923706055
aapl,2016,29.67250061035156,22.36750030517578,2.617500305175774
aapl,2017,44.29999923706055,28.690000534057617,13.26999855041504
aapl,2018,58.36750030517578,36.647499084472656,-3.6299972534179616
aapl,2019,73.49250030517578,35.5,33.932498931884766
aapl,2020,138.7899932861328,53.15250015258789,57.602500915527344
aapl,2021,157.25999450683594,116.20999908447266,19.55999755859375
adbe,2010,37.79999923706055,25.450000762939453,-6.309999465942383
adbe,2011,35.9900016784668,22.670000076293945,-3.020000457763672
adbe,2012,38.25,28.040000915527344,9.110000610351562
adbe,2013,61.09000015258789,37.36000061035156,21.540000915527344
adbe,2014,77.55999755859375,57.150001525878906,13.409996032714844
adbe,2015,96.41999816894533,68.9800033569336,21.60000610351561
adbe,2016,111.08999633789062,71.2699966430664,10.979995727539077
adbe,2017,186.2700042724609,102.80999755859376,71.76000213623047
adbe,2018,277.6099853515625,175.25999450683594,48.5400085449219
adbe,2019,332.8800048828125,215.1499938964844,105.23999023437494
adbe,2020,536.8800048828125,255.1300048828125,165.69000244140625
adbe,2021,673.8800048828125,420.7799987792969,173.60000610351562
adi,2010,38.59999847412109,26.280000686645508,5.999998092651367
adi,2011,43.27999877929688,29.229999542236328,-2.170001983642578
adi,2012,42.72999954223633,34.25,6.0300025939941335
adi,2013,51.20000076293945,41.709999084472656,6.930000305175781
adi,2014,57.9900016784668,42.56999969482422,6.24000167846679
adi,2015,68.97000122070312,50.560001373291016,-0.220001220703125
adi,2016,74.87000274658203,47.2400016784668,18.18000411987305
adi,2017,93.98999786376952,71.0,16.519996643066406
adi,2018,103.58999633789062,76.62000274658203,-4.449996948242188
adi,2019,124.79000091552734,80.45999908447266,32.91999816894531
adi,2020,147.8300018310547,79.08000183105469,27.29999542236328
adi,2021,175.25,142.25,23.919998168945312
adp,2010,41.41352081298828,23.23090362548828,3.028972625732422
adp,2011,48.39332580566406,39.26251220703125,6.110622406005859
adp,2012,52.642669677734375,44.67954254150391,2.168567657470703
adp,2013,73.59086608886719,50.702369689941406,19.67515563964844
adp,2014,86.54000091552734,63.13432693481445,13.255867004394531
adp,2015,90.66999816894533,64.29000091552734,1.4300003051757812
adp,2016,103.87999725341795,76.6500015258789,20.709999084472656
adp,2017,121.7699966430664,94.11000061035156,13.690002441406236
adp,2018,153.50999450683594,107.61000061035156,15.129997253417985
adp,2019,174.5,126.05999755859376,40.36000061035156
adp,2020,182.32000732421875,103.11000061035156,5.8799896240234375
adp,2021,217.1499938964844,159.30999755859375,31.8699951171875
adsk,2010,39.79999923706055,22.5,12.530000686645508
adsk,2011,46.150001525878906,22.989999771118164,-8.94000053405762
adsk,2012,42.68999862670898,27.700000762939453,4.539999008178711
adsk,2013,50.5,33.0099983215332,13.38000106811524
adsk,2014,63.0,44.7599983215332,10.810001373291016
adsk,2015,65.77999877929688,42.060001373291016,1.4000015258788991
adsk,2016,83.08000183105469,41.59999847412109,13.700000762939451
adsk,2017,131.10000610351562,74.5,28.65000152587889
adsk,2018,159.94000244140625,101.5500030517578,21.48999786376952
adsk,2019,185.75,121.12000274658205,54.5
adsk,2020,307.2200012207031,125.37999725341795,117.50999450683594
adsk,2021,344.3900146484375,252.6000061035156,-12.410003662109377
aep,2010,37.93999862670898,28.26000022888184,1.0400009155273438
aep,2011,41.709999084472656,33.09000015258789,5.060001373291016
aep,2012,45.40999984741211,36.970001220703125,1.9099998474121092
aep,2013,51.59999847412109,41.83000183105469,3.09000015258789
aep,2014,63.220001220703125,45.79999923706055,14.59000015258789
aep,2015,65.37999725341797,52.290000915527344,-2.8800010681152344
aep,2016,71.31999969482422,56.75,4.629997253417969
aep,2017,78.06999969482422,61.81999969482422,10.810001373291016
aep,2018,81.05000305175781,62.709999084472656,2.329994201660156
aep,2019,96.22000122070312,72.26000213623047,21.569999694824237
aep,2020,104.97000122070312,65.13999938964844,-10.19000244140625
aep,2021,91.48999786376952,74.80000305175781,7.290000915527344
algn,2010,21.39999961853028,13.18000030517578,1.0400009155273438
algn,2011,25.940000534057617,14.25,3.8599987030029297
algn,2012,39.81999969482422,22.38999938964844,3.799999237060547
algn,2013,60.0,25.61000061035156,28.73999977111816
algn,2014,65.0999984741211,43.27000045776367,-1.0499992370605469
algn,2015,68.4800033569336,51.650001525878906,9.64999771118164
algn,2016,102.0999984741211,57.310001373291016,31.86000061035155
algn,2017,266.4100036621094,88.55999755859375,125.2300033569336
algn,2018,398.8800048828125,188.57000732421875,-15.19000244140625
algn,2019,334.6400146484375,169.83999633789062,76.92001342773438
algn,2020,543.6500244140625,127.87999725341795,250.70001220703125
algn,2021,735.1699829101562,494.4500122070313,194.2099609375
amat,2010,14.9399995803833,10.270000457763672,-0.25
amat,2011,16.93000030517578,9.699999809265137,-3.3500003814697266
amat,2012,13.9399995803833,9.949999809265137,0.7399997711181641
amat,2013,18.18000030517578,11.390000343322754,5.840000152587891
amat,2014,25.709999084472656,16.399999618530273,7.370000839233398
amat,2015,25.63999938964844,14.25,-6.289999008178711
amat,2016,33.68000030517578,15.4399995803833,13.800001144409183
amat,2017,60.88999938964844,31.65999984741211,19.17999839782715
amat,2018,62.400001525878906,28.790000915527344,-20.299999237060547
amat,2019,63.06999969482422,31.479999542236328,27.560001373291016
amat,2020,90.61000061035156,36.63999938964844,24.10000228881836
amat,2021,146.0,86.1500015258789,49.969993591308594
amd,2010,10.239999771118164,5.53000020980835,-1.5199995040893557
amd,2011,9.579999923706056,4.309999942779541,-3.070000171661377
amd,2012,8.350000381469727,1.809999942779541,-3.0799999237060542
amd,2013,4.650000095367432,2.259999990463257,1.3399999141693115
amd,2014,4.800000190734863,2.3499999046325684,-1.2799999713897705
amd,2015,3.369999885559082,1.6100000143051147,0.1999998092651367
amd,2016,12.420000076293944,1.75,8.570000171661377
amd,2017,15.649999618530272,9.420000076293944,-1.150000572204588
amd,2018,34.13999938964844,9.039999961853027,7.479999542236328
amd,2019,47.310001373291016,16.940000534057617,27.03000068664551
amd,2020,97.9800033569336,36.75,42.61000061035157
amd,2021,122.48999786376952,72.5,12.899993896484403
amgn,2010,61.2599983215332,50.2599983215332,-2.8199996948242188
amgn,2011,65.0,47.65999984741211,8.65999984741211
amgn,2012,90.80999755859376,63.29999923706055,22.089996337890625
amgn,2013,119.6999969482422,81.55999755859375,24.930000305175767
amgn,2014,173.13999938964844,108.1999969482422,43.48999023437501
amgn,2015,181.8099975585937,130.08999633789062,2.44000244140625
amgn,2016,176.85000610351562,133.63999938964844,-12.129989624023438
amgn,2017,191.1000061035156,147.1199951171875,23.169998168945312
amgn,2018,210.19000244140625,163.30999755859375,17.669998168945312
amgn,2019,244.9900054931641,166.3000030517578,49.17001342773435
amgn,2020,264.9700012207031,177.0500030517578,-10.180007934570284
amgn,2021,276.69000244140625,213.5500030517578,-12.910003662109348
amzn,2010,185.6499938964844,105.8000030517578,46.100006103515625
amzn,2011,246.7100067138672,160.58999633789062,-11.1199951171875
amzn,2012,264.1099853515625,172.0,71.83999633789062
amzn,2013,405.6300048828125,245.75,141.48001098632818
amzn,2014,408.05999755859375,284.0,-87.6199951171875
amzn,2015,696.4400024414062,285.25,367.3700256347656
amzn,2016,847.2100219726562,474.0,112.8800048828125
amzn,2017,1213.4100341796875,747.7000122070312,415.7999877929688
amzn,2018,2050.5,1170.510009765625,312.9599609375
amzn,2019,2035.800048828125,1460.9300537109375,308.7099609375
amzn,2020,3552.25,1626.030029296875,1358.919921875
amzn,2021,3773.080078125,2881.0,282.52001953125
anss,2010,53.63999938964844,38.68999862670898,7.430000305175781
anss,2011,62.29999923706055,45.720001220703125,4.709999084472663
anss,2012,74.37000274658203,55.209999084472656,9.949996948242188
anss,2013,89.70999908447266,68.33000183105469,17.149993896484375
anss,2014,87.1500015258789,71.08999633789062,-4.010002136230469
anss,2015,98.38999938964844,78.76000213623047,10.860000610351562
anss,2016,98.98999786376952,80.51000213623047,2.3899993896484237
anss,2017,155.13999938964844,91.88999938964844,54.23999786376953
anss,2018,190.4499969482422,136.8000030517578,-5.6100006103515625
anss,2019,260.1000061035156,137.13999938964844,114.40000915527344
anss,2020,369.8200073242188,200.07000732421875,104.20999145507818
anss,2021,413.1900024414063,292.7900085449219,15.939971923828123
asml,2010,38.869998931884766,24.63999938964844,3.680000305175781
asml,2011,45.91999816894531,30.64999961853028,3.1300010681152344
asml,2012,64.97000122070312,40.56999969482422,22.169998168945312
asml,2013,101.8499984741211,62.720001220703125,26.919998168945327
asml,2014,109.93000030517578,79.66000366210938,15.47000122070311
asml,2015,114.13999938964844,82.06999969482422,-18.6300048828125
asml,2016,112.66000366210938,77.16999816894531,24.89999389648439
asml,2017,186.3699951171875,109.62000274658205,63.37001037597655
asml,2018,221.66000366210932,144.5,-22.11000061035156
asml,2019,298.5,147.3800048828125,139.63999938964844
asml,2020,492.6600036621094,191.25,184.8900146484375
asml,2021,875.3599853515625,489.739990234375,358.8699951171875
atvi,2010,12.649999618530272,9.93000030517578,1.1399993896484375
atvi,2011,14.399999618530272,10.399999618530272,-0.2000007629394513
atvi,2012,13.010000228881836,10.449999809265137,-1.579999923706055
atvi,2013,18.43000030517578,10.75,6.880000114440918
atvi,2014,24.18000030517578,16.549999237060547,2.0799999237060582
atvi,2015,39.93000030517578,18.43000030517578,18.57999992370605
atvi,2016,45.54999923706055,26.489999771118164,-1.5099983215332031
atvi,2017,67.4000015258789,36.18000030517578,26.68000030517578
atvi,2018,84.68000030517578,43.709999084472656,-17.73999786376953
atvi,2019,59.75,39.84999847412109,12.38999938964843
atvi,2020,92.98999786376952,50.5099983215332,34.19999694824219
atvi,2021,104.52999877929688,77.12999725341797,-10.260002136230469
avgo,2010,28.940000534057617,16.5,9.54999923706055
avgo,2011,39.45000076293945,26.420000076293945,1.060001373291012
avgo,2012,39.220001220703125,28.020000457763672,2.699998855590824
avgo,2013,54.540000915527344,30.56999969482422,20.34000015258789
avgo,2014,105.0,51.88999938964844,47.93999481201172
avgo,2015,150.5,95.18000030517578,45.05999755859375
avgo,2016,183.9900054931641,114.25,34.49000549316406
avgo,2017,285.67999267578125,173.30999755859375,78.55999755859375
avgo,2018,274.260009765625,197.4600067138672,-12.730010986328123
avgo,2019,331.20001220703125,230.3300018310547,62.50999450683591
avgo,2020,438.5,155.6699981689453,115.45999145507812
avgo,2021,507.8500061035156,419.1400146484375,72.92999267578125
bidu,2010,115.04000091552734,38.46599960327149,55.527000427246094
bidu,2011,165.9600067138672,97.58000183105467,16.73999786376953
bidu,2012,154.14999389648438,85.95999908447266,-24.0
bidu,2013,181.25,82.9800033569336,73.76000213623045
bidu,2014,251.9900054931641,140.66000366210938,47.97999572753906
bidu,2015,234.6699981689453,100.0,-34.040008544921875
bidu,2016,201.0,139.61000061035156,-19.6199951171875
bidu,2017,274.9700012207031,165.82000732421875,65.91000366210938
bidu,2018,284.2200012207031,154.61000061035156,-83.79998779296878
bidu,2019,186.22000122070312,93.38999938964844,-35.849998474121094
bidu,2020,225.3500061035156,82.0,78.02000427246097
bidu,2021,354.82000732421875,135.88999938964844,-52.69999694824219
biib,2010,68.5999984741211,45.959999084472656,13.410003662109377
biib,2011,120.66000366210938,64.27999877929688,42.85000610351561
biib,2012,157.17999267578125,111.44000244140624,32.8699951171875
biib,2013,298.82000732421875,139.72000122070312,129.57000732421875
biib,2014,361.9299926757813,270.6199951171875,59.120025634765625
biib,2015,480.1799926757813,254.0,-35.660003662109375
biib,2016,333.6499938964844,223.0200042724609,-11.040008544921877
biib,2017,348.8399963378906,244.27999877929688,26.860015869140625
biib,2018,388.6700134277344,249.1699981689453,-33.25
biib,2019,344.0,215.77999877929688,-7.959991455078125
biib,2020,374.989990234375,223.25,-49.37998962402341
biib,2021,468.5499877929688,238.3999938964844,56.86000061035151
bkng,2010,428.1000061035156,173.32000732421875,175.58998107910162
bkng,2011,561.8800048828125,402.25,51.720001220703125
bkng,2012,774.9600219726562,469.2799987792969,135.24002075195312
bkng,2013,1198.75,627.6699829101562,524.0
bkng,2014,1378.9599609375,1017.280029296875,-5.22998046875
bkng,2015,1476.52001953125,990.6900024414062,132.889892578125
bkng,2016,1600.9300537109375,954.02001953125,220.6900634765625
bkng,2017,2067.989990234375,1459.489990234375,260.1700439453125
bkng,2018,2228.989990234375,1606.27001953125,-62.3299560546875
bkng,2019,2082.669921875,1637.02001953125,332.030029296875
bkng,2020,2227.969970703125,1107.2900390625,152.68994140625
bkng,2021,2516.0,1860.72998046875,140.719970703125
cdns,2010,8.680000305175781,5.360000133514404,2.140000343322754
cdns,2011,11.720000267028809,8.09000015258789,2.049999237060545
cdns,2012,13.789999961853027,9.729999542236328,3.1700000762939453
cdns,2013,15.960000038146973,12.329999923706056,0.0200004577636718
cdns,2014,19.540000915527344,13.59000015258789,4.959999084472653
cdns,2015,23.299999237060547,16.520000457763672,1.979999542236332
cdns,2016,28.0,18.31999969482422,4.689998626708981
cdns,2017,45.63999938964844,25.239999771118164,16.479999542236328
cdns,2018,47.400001525878906,35.4900016784668,1.4300003051757812
cdns,2019,77.08000183105469,41.43000030517578,26.130001068115234
cdns,2020,136.83999633789062,51.38999938964844,64.989990234375
cdns,2021,168.61000061035156,118.11000061035156,31.11000061035156
cdw,2013,24.51000022888184,17.3799991607666,4.9899997711181605
cdw,2014,36.08000183105469,22.71999931335449,11.789999008178713
cdw,2015,46.91999816894531,33.0099983215332,7.180000305175781
cdw,2016,55.470001220703125,30.39999961853028,11.139999389648438
cdw,2017,71.52999877929688,50.4900016784668,17.949996948242188
cdw,2018,96.75,66.87999725341797,11.290000915527344
cdw,2019,144.9499969482422,76.06999969482422,63.66999816894531
cdw,2020,146.9499969482422,73.38999938964844,-12.090011596679688
cdw,2021,203.82000732421875,125.45999908447266,70.83000183105472
cern,2010,24.440000534057617,18.012500762939453,2.617500305175781
cern,2011,37.19499969482422,23.01499938964844,6.649999618530273
cern,2012,44.15999984741211,29.68000030517578,7.480001449584957
cern,2013,59.41999816894531,39.35499954223633,15.51500320434571
cern,2014,66.44999694824219,48.38999938964844,9.590003967285156
cern,2015,75.72000122070312,55.81999969482422,-4.8600006103515625
cern,2016,67.5,47.0099983215332,-10.790000915527344
cern,2017,73.86000061035156,47.09000015258789,17.98999786376953
cern,2018,73.43000030517578,48.77999877929688,-16.13000106811524
cern,2019,76.47000122070312,50.5099983215332,21.520000457763672
cern,2020,80.9000015258789,53.08000183105469,4.8600006103515625
cern,2021,84.19999694824219,67.95999908447266,-3.290000915527344
chkp,2010,47.08000183105469,28.81999969482422,12.14999771118164
chkp,2011,61.59999847412109,43.20000076293945,5.650001525878906
chkp,2012,65.0,40.59999847412109,-5.330001831054688
chkp,2013,64.94999694824219,44.40999984741211,15.259998321533203
chkp,2014,80.81999969482422,60.5,14.19000244140625
chkp,2015,88.48999786376953,65.08999633789062,2.9199981689453125
chkp,2016,89.9800033569336,71.63999938964844,4.979995727539063
chkp,2017,119.1999969482422,84.0,19.050003051757827
chkp,2018,120.80999755859376,93.76000213623048,-1.1199951171875
chkp,2019,132.75999450683594,100.62999725341795,7.459999084472656
chkp,2020,139.25999450683594,80.05999755859375,20.65000152587889
chkp,2021,137.49000549316406,109.06999969482422,-8.760002136230455
chtr,2010,39.9900016784668,29.100000381469727,3.939998626708977
chtr,2011,61.150001525878906,38.20000076293945,18.47999954223632
chtr,2012,83.41000366210938,56.04999923706055,19.049999237060558
chtr,2013,144.02000427246094,76.19000244140625,58.65999603271485
chtr,2014,169.85000610351562,116.77999877929688,31.86000061035156
chtr,2015,199.0,149.47000122070312,16.670013427734347
chtr,2016,294.8699951171875,156.1300048828125,110.3900146484375
chtr,2017,408.8299865722656,282.5400085449219,50.19000244140625
chtr,2018,396.6400146484375,250.1000061035156,-64.0
chtr,2019,487.5199890136719,279.1099853515625,197.08999633789065
chtr,2020,681.7100219726562,345.6700134277344,171.11999511718744
chtr,2021,825.6199951171875,585.4500122070312,140.0899658203125
cmcsa,2010,11.199999809265137,7.550000190734863,2.5
cmcsa,2011,13.579999923706056,9.595000267028809,0.6699991226196289
cmcsa,2012,19.11000061035156,12.140000343322754,6.430000305175781
cmcsa,2013,26.045000076293945,18.604999542236328,6.72500038146972
cmcsa,2014,29.64999961853028,23.8700008392334,3.279998779296875
cmcsa,2015,32.494998931884766,25.0,-0.4599990844726562
cmcsa,2016,35.65999984741211,26.170000076293945,6.705001831054688
cmcsa,2017,42.18000030517578,34.1150016784668,5.524997711181641
cmcsa,2018,44.0,30.43000030517578,-7.020000457763672
cmcsa,2019,47.27000045776367,33.41999816894531,10.60000228881836
cmcsa,2020,52.4900016784668,31.709999084472656,7.030002593994141
cmcsa,2021,61.79999923706055,48.150001525878906,8.790000915527344
cost,2010,73.16000366210938,53.40999984741211,12.799999237060549
cost,2011,88.68000030517578,69.54000091552734,10.849998474121094
cost,2012,105.97000122070312,78.80999755859375,14.1300048828125
cost,2013,126.12000274658205,98.9499969482422,17.569999694824205
cost,2014,146.82000732421875,109.5,23.94000244140624
cost,2015,169.72999572753906,117.02999877929688,19.88999938964844
cost,2016,169.58999633789062,138.57000732421875,0.57000732421875
cost,2017,195.3500061035156,150.0,26.38999938964844
cost,2018,245.16000366210932,175.7899932861328,15.389999389648438
cost,2019,307.3399963378906,199.8500061035156,89.16001892089841
cost,2020,393.1499938964844,271.2799987792969,85.29000854492188
cost,2021,469.7699890136719,307.0,85.010009765625
cprt,2010,9.457500457763672,7.820000171661377,0.2349996566772443
cprt,2011,12.029999732971191,8.9375,2.587499618530273
cprt,2012,15.369999885559082,11.287500381469728,2.9925003051757795
cprt,2013,19.1299991607666,14.904999732971191,3.095001220703125
cprt,2014,18.905000686645508,14.96500015258789,-0.0599994659423828
cprt,2015,19.93000030517578,16.299999237060547,0.7149982452392578
cprt,2016,28.489999771118164,16.1299991607666,8.870000839233395
cprt,2017,44.7599983215332,27.63999938964844,15.329998016357418
cprt,2018,67.08000183105469,39.209999084472656,4.180000305175796
cprt,2019,92.41000366210938,46.650001525878906,43.260002136230455
cprt,2020,130.9600067138672,55.68999862670898,33.769996643066406
cprt,2021,149.07000732421875,101.91999816894533,22.57999420166016
crwd,2019,101.87999725341795,44.58100128173828,-8.130001068115234
crwd,2020,227.3600006103516,31.950000762939453,162.38000869750977
crwd,2021,289.239990234375,168.6699981689453,61.50999450683591
csco,2010,27.739999771118164,19.0,-4.460000991821289
csco,2011,22.34000015258789,13.300000190734863,-2.409999847412113
csco,2012,21.299999237060547,14.960000038146973,1.0200004577636754
csco,2013,26.489999771118164,19.979999542236328,2.09000015258789
csco,2014,28.59000015258789,21.270000457763672,5.819999694824219
csco,2015,30.309999465942383,23.030000686645508,-0.4500007629394496
csco,2016,31.950000762939453,22.459999084472656,3.8099994659423793
csco,2017,38.9900016784668,29.799999237060547,7.759998321533203
csco,2018,49.470001220703125,37.34999847412109,4.470001220703125
csco,2019,58.2599983215332,40.959999084472656,5.009998321533203
csco,2020,50.27999877929688,32.400001525878906,-3.669998168945313
csco,2021,60.27000045776367,43.34999847412109,13.93000030517578
csx,2010,7.199999809265137,4.672222137451172,1.75
csx,2011,9.020000457763672,5.896667003631592,-0.2733330726623535
csx,2012,7.903333187103271,6.293333053588867,-0.7699999809265128
csx,2013,9.600000381469728,6.670000076293945,2.8666672706604004
csx,2014,12.66333293914795,8.613332748413086,2.659999847412113
csx,2015,12.55666732788086,8.15666675567627,-3.3000001907348637
csx,2016,12.473333358764648,7.110000133514404,3.380000114440918
csx,2017,19.450000762939453,11.863332748413086,6.373332977294918
csx,2018,25.413333892822266,16.143333435058594,1.9299983978271484
csx,2019,26.90999984741211,20.00666618347168,3.470001220703121
csx,2020,31.23666763305664,15.603333473205566,5.85333251953125
csx,2021,34.956668853759766,27.703332901000977,1.620000839233402
ctas,2010,29.71999931335449,23.100000381469727,1.5699996948242152
ctas,2011,35.290000915527344,26.38999938964844,6.830001831054688
ctas,2012,45.59999847412109,35.189998626708984,5.659999847412109
ctas,2013,59.72999954223633,41.2400016784668,17.599998474121094
ctas,2014,80.3499984741211,55.34999847412109,19.380001068115234
ctas,2015,94.3499984741211,75.9000015258789,12.60000610351561
ctas,2016,122.20999908447266,80.0,27.26999664306642
ctas,2017,163.4499969482422,112.95999908447266,39.51000213623047
ctas,2018,217.33999633789065,147.3800048828125,11.139999389648438
ctas,2019,277.8500061035156,164.5,101.58998107910156
ctas,2020,369.2000122070313,154.3300018310547,82.66998291015625
ctas,2021,409.260009765625,314.6199951171875,60.1099853515625
ctsh,2010,37.39500045776367,21.040000915527344,13.245000839233397
ctsh,2011,41.7400016784668,26.770000457763672,-5.525001525878906
ctsh,2012,39.0,26.959999084472656,4.079998016357415
ctsh,2013,50.56499862670898,30.459999084472656,12.420001983642578
ctsh,2014,54.88999938964844,41.5099983215332,3.240001678466797
ctsh,2015,69.80000305175781,50.709999084472656,7.350002288818359
ctsh,2016,63.43000030517578,45.43999862670898,-2.1000022888183523
ctsh,2017,76.51000213623047,51.52000045776367,14.499996185302734
ctsh,2018,85.0999984741211,59.470001220703125,-7.469997406005859
ctsh,2019,74.8499984741211,56.72999954223633,-1.0699996948242188
ctsh,2020,82.7300033569336,40.0099983215332,20.029998779296875
ctsh,2021,82.56999969482422,66.19000244140625,-3.159996032714844
dltr,2010,28.9950008392334,15.66333293914795,11.983333587646484
dltr,2011,42.255001068115234,24.2549991607666,13.280000686645504
dltr,2012,56.81499862670898,37.119998931884766,-0.654998779296875
dltr,2013,60.18999862670898,37.70000076293945,16.519996643066406
dltr,2014,71.52999877929688,49.59000015258789,13.979995727539062
dltr,2015,84.22000122070312,60.310001373291016,6.870002746582031
dltr,2016,99.93000030517578,72.5199966430664,-1.6299972534179688
dltr,2017,110.86000061035156,65.62999725341797,29.860000610351577
dltr,2018,116.6500015258789,78.77999877929688,-18.370002746582017
dltr,2019,119.70999908447266,88.26000213623047,2.8500061035155966
dltr,2020,114.31999969482422,60.20000076293945,14.260002136230469
dltr,2021,120.37000274658205,89.63999938964844,-16.73000335693358
docu,2018,68.3499984741211,35.060001373291016,0.3500022888183594
docu,2019,76.27999877929688,38.79999923706055,33.290000915527344
docu,2020,290.2300109863281,64.87999725341797,146.4000015258789
docu,2021,314.760009765625,179.49000549316406,54.73999023437503
dxcm,2010,14.470000267028809,8.210000038146973,5.089999198913572
dxcm,2011,16.90999984741211,6.75,-4.399999618530273
dxcm,2012,15.479999542236328,8.640000343322754,4.15000057220459
dxcm,2013,35.970001220703125,13.6899995803833,21.559999465942383
dxcm,2014,58.31999969482422,28.09000015258789,20.299999237060547
dxcm,2015,103.29000091552734,53.29999923706055,27.390003204345703
dxcm,2016,96.37999725341795,47.91999816894531,-18.78999710083008
dxcm,2017,88.80000305175781,42.619998931884766,-0.8600006103515625
dxcm,2018,152.13999938964844,51.040000915527344,61.810001373291
dxcm,2019,232.0,107.44000244140624,103.56000518798832
dxcm,2020,456.2300109863281,182.07000732421875,150.33999633789062
dxcm,2021,559.75,318.45001220703125,191.6400146484375
ea,2010,20.239999771118164,14.0600004196167,-1.7700004577636754
ea,2011,26.1299991607666,14.800000190734863,4.220001220703125
ea,2012,21.450000762939453,10.770000457763672,-6.779998779296875
ea,2013,28.1299991607666,13.289999961853027,8.390000343322754
ea,2014,48.52999877929688,21.25,24.19000053405762
ea,2015,76.91999816894531,45.209999084472656,21.85000228881836
ea,2016,86.06999969482422,53.0099983215332,12.660003662109377
ea,2017,122.79000091552734,77.94000244140625,25.88999938964845
ea,2018,151.25999450683594,73.91000366210938,-30.539993286132827
ea,2019,108.91999816894533,77.19999694824219,27.13999938964845
ea,2020,147.36000061035156,85.69000244140625,36.260009765625
ea,2021,150.3000030517578,127.16999816894533,5.6200103759765625
ebay,2010,13.316497802734377,8.021885871887207,1.6540403366088885
ebay,2011,14.87794589996338,11.30471420288086,0.6944446563720703
ebay,2012,22.369529724121094,12.43686866760254,8.274409294128418
ebay,2013,24.427608489990234,20.22727394104004,0.5387191772460973
ebay,2014,25.12626266479492,19.50336647033692,0.9175090789794922
ebay,2015,29.82999992370605,22.11279487609864,3.822591781616208
ebay,2016,33.189998626708984,21.520000457763672,3.260000228881836
ebay,2017,39.27999877929688,29.51000022888184,7.900001525878906
ebay,2018,46.9900016784668,26.01000022888184,-9.990001678466797
ebay,2019,42.0,27.559999465942383,7.260000228881836
ebay,2020,61.060001373291016,26.020000457763672,13.950000762939451
ebay,2021,77.83000183105469,50.45000076293945,21.05999755859375
exc,2010,49.880001068115234,28.200000762939453,-7.240001678466797
exc,2011,45.45000076293945,39.060001373291016,1.4300003051757884
exc,2012,43.70000076293945,28.39999961853028,-12.329999923706056
exc,2013,37.79999923706055,26.63999938964844,-2.4300003051757777
exc,2014,38.93000030517578,26.450000762939453,9.910001754760742
exc,2015,38.25,25.09000015258789,-9.799999237060549
exc,2016,37.70000076293945,26.26000022888184,7.520002365112308
exc,2017,42.66999816894531,33.29999923706055,4.220001220703125
exc,2018,47.400001525878906,35.56999969482422,5.509998321533196
exc,2019,51.18000030517578,43.41999816894531,1.520000457763672
exc,2020,50.540000915527344,29.280000686645508,-3.209999084472656
exc,2021,50.619998931884766,38.34999847412109,8.740001678466797
fast,2010,15.09749984741211,10.24250030517578,4.470000267028807
fast,2011,22.200000762939453,14.40250015258789,6.59250068664551
fast,2012,27.52499961853028,18.80500030517578,1.4450016021728516
fast,2013,26.690000534057617,21.875,-0.1600017547607422
fast,2014,26.104999542236328,20.09000015258789,0.4300003051757812
fast,2015,24.170000076293945,17.225000381469727,-3.290000915527344
fast,2016,24.9950008392334,17.549999237060547,3.3950004577636754
fast,2017,27.725000381469727,19.895000457763672,3.869998931884762
fast,2018,30.56999969482422,23.684999465942383,-1.125
fast,2019,37.93999862670898,24.84499931335449,11.245000839233402
fast,2020,50.470001220703125,26.71999931335449,11.60000228881836
fast,2021,56.38999938964844,43.369998931884766,5.930000305175781
fb,2012,45.0,17.549999237060547,-11.60999870300293
fb,2013,58.58000183105469,22.670000076293945,26.650001525878903
fb,2014,82.16999816894531,51.84999847412109,23.30999755859375
fb,2015,110.6500015258789,72.0,26.210006713867188
fb,2016,133.5,89.37000274658203,12.830001831054672
fb,2017,184.25,115.51000213623048,59.600006103515625
fb,2018,218.6199951171875,123.0199966430664,-50.33000183105469
fb,2019,208.92999267578125,128.55999755859375,69.57000732421875
fb,2020,304.6700134277344,137.10000610351562,63.3800048828125
fb,2021,384.3299865722656,244.6100006103516,109.75000000000006
fisv,2010,15.15999984741211,11.199999809265137,2.2825002670288104
fisv,2011,16.352500915527344,12.1875,-0.1899995803833007
fisv,2012,20.315000534057617,14.380000114440918,5.117499351501465
fisv,2013,29.63999938964844,19.75749969482422,9.204999923706058
fisv,2014,36.6349983215332,26.84000015258789,6.385000228881836
fisv,2015,48.880001068115234,34.564998626708984,10.419998168945312
fisv,2016,55.755001068115234,42.81499862670898,8.389999389648438
fisv,2017,66.68000030517578,52.255001068115234,11.895004272460938
fisv,2018,82.79000091552734,62.7599983215332,8.314994812011719
fisv,2019,118.0,68.44999694824219,43.4199981689453
fisv,2020,125.0500030517578,73.5,-1.6599960327148438
fisv,2021,127.33999633789062,100.36000061035156,-1.2399978637695457
fox,2019,41.72999954223633,29.61000061035156,-2.799999237060547
fox,2020,38.84000015258789,19.1299991607666,-7.579999923706055
fox,2021,42.13999938964844,28.14999961853028,4.8899993896484375
foxa,2019,41.95000076293945,29.69499969482422,-0.9300003051757812
foxa,2020,39.73500061035156,19.809999465942383,-7.94999885559082
foxa,2021,44.79999923706055,28.459999084472656,7.129999160766602
gild,2010,24.75,15.864999771118164,-3.5299987792968786
gild,2011,21.7450008392334,17.225000381469727,2.174999237060547
gild,2012,38.560001373291016,20.674999237060547,15.794998168945304
gild,2013,76.11000061035156,36.935001373291016,37.56999969482421
gild,2014,116.83000183105467,63.5,19.050003051757827
gild,2015,123.37000274658205,86.0,6.279998779296861
gild,2016,103.0999984741211,70.83000183105469,-26.40000152587892
gild,2017,86.2699966430664,63.7599983215332,-2.520004272460937
gild,2018,89.54000091552734,60.31999969482422,-11.549999237060549
gild,2019,70.5,60.88999938964844,1.5400047302246165
gild,2020,85.97000122070312,56.560001373291016,-6.970005035400391
gild,2021,73.33999633789062,57.93000030517578,10.879997253417969
goog,2010,314.24713134765625,216.0053558349609,-16.32879638671875
goog,2011,322.17242431640625,235.62681579589844,20.697418212890625
goog,2012,385.744140625,277.2209167480469,20.906646728515625
goog,2013,558.406982421875,346.4613647460937,197.9879150390625
goog,2014,612.1455078125,487.6611328125,-29.52294921875
goog,2015,779.97998046875,486.2250671386719,235.50689697265625
goog,2016,816.6799926757812,663.0599975585938,29.97998046875
goog,2017,1078.489990234375,775.7999877929688,260.260009765625
goog,2018,1273.8900146484375,970.1099853515624,-29.3900146484375
goog,2019,1365.0,1014.0700073242188,291.1700439453125
goog,2020,1847.199951171875,1013.5360107421876,384.510009765625
goog,2021,2936.409912109375,1699.0,1110.179931640625
googl,2010,315.7407531738281,217.0320281982422,-16.406402587890625
googl,2011,323.7037048339844,236.7467498779297,20.79580688476568
googl,2012,387.57757568359375,278.5385437011719,21.00601196289068
googl,2013,561.06103515625,348.10809326171875,198.9288940429687
googl,2014,615.0550537109375,497.1900024414063,-26.4571533203125
googl,2015,798.6900024414062,490.9100036621094,248.46002197265625
googl,2016,839.0,672.6599731445312,33.010009765625
googl,2017,1086.489990234375,796.8900146484375,245.3900146484375
googl,2018,1291.43994140625,977.6599731445312,-28.25
googl,2019,1367.050048828125,1022.3699951171876,284.7099609375
googl,2020,1843.8299560546875,1008.8699951171876,383.9599609375
googl,2021,2925.080078125,1696.0999755859375,1091.3900146484375
hon,2010,51.23407745361328,34.9695930480957,12.212665557861328
hon,2011,59.3758544921875,39.29789352416992,0.133472442626946
hon,2012,61.4827995300293,49.775421142578125,7.522087097167969
hon,2013,87.29051208496094,61.168190002441406,25.37869644165039
hon,2014,97.61550903320312,79.0248031616211,9.152343750000014
hon,2015,102.40142059326172,82.94314575195312,3.1842498779296733
hon,2016,114.42340850830078,89.34025573730469,13.249244689941406
hon,2017,150.1890106201172,110.7583999633789,35.635154724121094
hon,2018,162.51937866210938,123.4800033569336,-15.2032470703125
hon,2019,183.1199951171875,129.07000732421875,45.16999816894531
hon,2020,216.6999969482422,101.08000183105467,31.91000366210937
hon,2021,236.8600006103516,194.5500030517578,14.419998168945312
idxx,2010,36.20000076293945,24.51499938964844,7.569999694824219
idxx,2011,43.64500045776367,31.915000915527344,3.604999542236328
idxx,2012,50.59000015258789,38.90499877929688,6.855003356933594
idxx,2013,56.55500030517578,40.78499984741211,6.159999847412109
idxx,2014,76.94499969482422,52.31999969482422,21.62000274658203
idxx,2015,84.25499725341797,61.369998931884766,-0.7450027465820312
idxx,2016,121.7699966430664,63.47999954223633,46.149993896484375
idxx,2017,173.00999450683594,113.91999816894533,38.780006408691406
idxx,2018,256.2200012207031,157.52999877929688,28.21000671386716
idxx,2019,294.57000732421875,176.11000061035156,78.66999816894531
idxx,2020,503.8299865722656,168.64999389648438,234.8500061035156
idxx,2021,706.9500122070312,455.2300109863281,189.83999633789065
ilmn,2010,66.58999633789062,29.76000022888184,32.790000915527344
ilmn,2011,79.4000015258789,25.56999969482422,-33.8599967956543
ilmn,2012,57.0,28.71999931335449,23.86000061035156
ilmn,2013,115.0,48.0,55.16999816894531
ilmn,2014,197.3699951171875,106.79000091552734,74.24000549316406
ilmn,2015,242.3699951171875,130.0,6.529998779296875
ilmn,2016,188.25,119.37000274658205,-53.24000549316406
ilmn,2017,230.72000122070312,128.16000366210938,87.36000061035159
ilmn,2018,372.6099853515625,207.509994506836,75.89999389648438
ilmn,2019,380.760009765625,263.29998779296875,37.220001220703125
ilmn,2020,404.2000122070313,196.77999877929688,43.0
ilmn,2021,555.77001953125,356.0,90.44998168945312
incy,2010,17.479999542236328,8.5,7.059999465942383
incy,2011,21.14999961853028,11.760000228881836,-1.510000228881836
incy,2012,26.299999237060547,14.720000267028809,1.6200008392333984
incy,2013,52.470001220703125,16.579999923706055,33.630001068115234
incy,2014,80.77999877929688,40.29999923706055,21.880001068115234
incy,2015,133.6199951171875,69.05000305175781,34.68999481201173
incy,2016,109.9499969482422,55.0,-3.0500030517578125
incy,2017,153.14999389648438,92.91000366210938,-7.610000610351562
incy,2018,102.62999725341795,57.0,-37.29999923706055
incy,2019,96.79000091552734,62.02999877929688,23.759998321533203
incy,2020,110.37000274658205,62.47999954223633,1.0100021362304688
incy,2021,101.47000122070312,70.97000122070312,-15.329994201660156
intc,2010,24.3700008392334,17.600000381469727,0.1500015258789062
intc,2011,25.780000686645508,19.15999984741211,3.399999618530273
intc,2012,29.270000457763672,19.229999542236328,-3.920000076293945
intc,2013,26.040000915527344,20.100000381469727,4.579999923706055
intc,2014,37.900001525878906,23.5,10.5
intc,2015,37.4900016784668,24.8700008392334,-1.9099998474121092
intc,2016,38.36000061035156,27.68000030517578,2.279998779296875
intc,2017,47.63999938964844,33.22999954223633,9.560001373291025
intc,2018,57.59999847412109,42.040000915527344,0.0800018310546946
intc,2019,60.47999954223633,42.86000061035156,12.7699966430664
intc,2020,69.29000091552734,43.61000061035156,-11.020000457763672
intc,2021,68.48999786376953,49.33000183105469,4.170001983642578
intu,2010,50.33000183105469,29.0,18.489999771118164
intu,2011,56.459999084472656,39.869998931884766,2.759998321533203
intu,2012,62.86000061035156,51.880001068115234,7.020000457763672
intu,2013,76.88999938964844,55.540000915527344,14.369998931884766
intu,2014,95.83999633789062,69.0199966430664,16.249999999999986
intu,2015,109.20999908447266,79.62999725341797,5.290000915527344
intu,2016,118.66000366210938,88.16999816894531,20.230003356933608
intu,2017,161.44000244140625,111.9000015258789,43.02999877929688
intu,2018,231.83999633789065,150.42999267578125,38.13000488281247
intu,2019,295.7699890136719,188.2100067138672,67.45999145507812
intu,2020,387.9400024414063,187.67999267578125,113.69000244140624
intu,2021,582.9600219726562,357.69000244140625,195.6799926757812
isrg,2010,131.30667114257812,82.01667022705078,-17.006668090820327
isrg,2011,156.4166717529297,87.26667022705078,64.67000579833984
isrg,2012,198.29666137695312,143.086669921875,6.220001220703125
isrg,2013,195.22332763671875,117.04666900634766,-37.813323974609375
isrg,2014,180.41000366210932,115.48666381835938,49.64334106445311
isrg,2015,188.2866668701172,149.0,6.863327026367188
isrg,2016,242.4166717529297,167.336669921875,28.926666259765625
isrg,2017,405.0499877929688,208.2400054931641,151.01000976562506
isrg,2018,581.1199951171875,365.1099853515625,103.67001342773438
isrg,2019,601.5999755859375,446.4599914550781,125.12002563476562
isrg,2020,826.8099975585938,360.5,220.8399658203125
isrg,2021,1087.010009765625,682.4000244140625,223.469970703125
jd,2014,33.099998474121094,19.940000534057617,2.239999771118164
jd,2015,38.0,21.549999237060547,8.244998931884766
jd,2016,30.65999984741211,19.51000022888184,-4.090000152587891
jd,2017,48.9900016784668,25.584999084472656,15.599998474121094
jd,2018,50.68000030517578,19.209999084472656,-22.3499984741211
jd,2019,36.79999923706055,20.18000030517578,13.959999084472656
jd,2020,92.7699966430664,32.70000076293945,50.17000198364258
jd,2021,108.29000091552734,61.650001525878906,-5.69000244140625
kdp,2010,40.2400016784668,26.3799991607666,6.059999465942383
kdp,2011,43.130001068115234,33.68000030517578,4.090000152587891
kdp,2012,46.060001373291016,36.5099983215332,5.840000152587891
kdp,2013,50.369998931884766,42.09999847412109,3.1200027465820384
kdp,2014,74.27999877929688,46.880001068115234,24.01000213623047
kdp,2015,95.26000213623048,70.77999877929688,21.599998474121108
kdp,2016,98.8000030517578,81.05000305175781,-1.560005187988267
kdp,2017,99.47000122070312,81.69999694824219,6.199996948242202
kdp,2018,126.6500015258789,20.459999084472656,-69.62999725341797
kdp,2019,32.0,24.86000061035156,3.670000076293945
kdp,2020,32.2400016784668,18.979999542236328,3.260000228881836
kdp,2021,37.11000061035156,30.280000686645508,3.240001678466797
khc,2015,81.19999694824219,61.41999816894531,-0.1999969482421875
khc,2016,90.54000091552734,68.18000030517578,14.620002746582031
khc,2017,97.7699966430664,75.20999908447266,-9.769996643066406
khc,2018,80.66999816894531,41.59999847412109,-33.97999572753906
khc,2019,48.65999984741211,24.86000061035156,-11.209999084472656
khc,2020,36.36899948120117,19.989999771118164,3.0499992370605504
khc,2021,44.95000076293945,31.600000381469727,2.10000228881836
klac,2010,40.43999862670898,26.690000534057617,1.720001220703125
klac,2011,51.83000183105469,33.20000076293945,9.5
klac,2012,55.43000030517578,43.209999084472656,0.2999992370605469
klac,2013,67.05000305175781,47.369998931884766,14.889999389648438
klac,2014,84.20999908447266,59.43999862670898,6.939998626708984
klac,2015,71.26000213623047,44.95000076293945,-0.94000244140625
klac,2016,83.2300033569336,62.33000183105469,9.989997863769531
klac,2017,114.43000030517578,77.86000061035156,25.659996032714844
klac,2018,123.95999908447266,80.6500015258789,-16.639999389648423
klac,2019,179.9499969482422,85.69000244140625,87.25999450683594
klac,2020,268.8900146484375,110.19000244140624,76.33999633789062
klac,2021,359.69000244140625,257.70001220703125,90.24002075195312
lrcx,2010,52.90999984741211,32.06999969482422,11.899997711181648
lrcx,2011,59.09999847412109,34.810001373291016,-12.90999984741211
lrcx,2012,45.290000915527344,31.170000076293945,-0.6199989318847656
lrcx,2013,55.47999954223633,36.84000015258789,15.720001220703123
lrcx,2014,85.69999694824219,48.45000076293945,25.38999557495117
lrcx,2015,84.48999786376953,61.20000076293945,-0.029998779296875
lrcx,2016,110.3499984741211,63.09999847412109,28.0
lrcx,2017,219.6999969482422,105.79000091552734,76.81000518798827
lrcx,2018,234.8800048828125,122.63999938964844,-53.11000061035156
lrcx,2019,299.3900146484375,131.35000610351562,154.09999084472656
lrcx,2020,516.6500244140625,181.3800048828125,174.37997436523438
lrcx,2021,673.7999877929688,473.3200073242188,120.08999633789062
lulu,2010,37.29999923706055,12.875,18.7549991607666
lulu,2011,64.48999786376953,32.650001525878906,10.869998931884766
lulu,2012,81.08999633789062,46.880001068115234,29.20000457763671
lulu,2013,82.5,57.34999847412109,-14.989997863769524
lulu,2014,59.84000015258789,36.2599983215332,-2.799999237060547
lulu,2015,70.0,43.13999938964844,-2.8699989318847656
lulu,2016,81.80999755859375,52.709999084472656,9.129997253417969
lulu,2017,80.0999984741211,47.2599983215332,11.739997863769531
lulu,2018,164.7899932861328,74.9000015258789,41.91999816894531
lulu,2019,235.5,118.27999877929688,108.31999969482422
lulu,2020,399.8999938964844,128.85000610351562,114.61000061035156
lulu,2021,434.2200012207031,269.2799987792969,69.17999267578125
mar,2010,40.226200103759766,24.156455993652344,13.110275268554688
mar,2011,40.32045364379883,24.02450561523437,-10.40587043762207
mar,2012,41.84000015258789,29.729999542236328,7.270000457763672
mar,2013,49.84000015258789,38.13999938964844,10.559997558593745
mar,2014,79.25,47.209999084472656,29.06999969482422
mar,2015,85.0,63.95000076293945,-10.709999084472656
mar,2016,86.1500015258789,56.43000030517578,17.300003051757812
mar,2017,137.60000610351562,81.04000091552734,53.22999572753906
mar,2018,149.2100067138672,100.62000274658205,-25.19000244140624
mar,2019,153.38999938964844,101.56999969482422,43.969993591308594
mar,2020,152.60000610351562,46.560001373291016,-19.57000732421875
mar,2021,159.97999572753906,115.5,10.870002746582031
mchp,2010,36.40999984741211,25.540000915527344,5.029998779296875
mchp,2011,41.5,29.299999237060547,1.8400001525878904
mchp,2012,38.880001068115234,28.920000076293945,-3.1699981689453125
mchp,2013,44.95000076293945,32.380001068115234,11.0
mchp,2014,50.040000915527344,36.91999816894531,0.94000244140625
mchp,2015,52.43999862670898,37.77000045776367,1.670001983642578
mchp,2016,66.80999755859375,39.0099983215332,18.170001983642575
mchp,2017,95.91999816894533,62.209999084472656,24.02999877929688
mchp,2018,104.1999969482422,60.70000076293945,-18.490005493164062
mchp,2019,106.16000366210938,66.16000366210938,33.37000274658203
mchp,2020,145.33999633789062,53.150001525878906,30.51000213623047
mchp,2021,166.6699981689453,129.05999755859375,20.30000305175781
mdlz,2010,32.66999816894531,27.09000015258789,4.079999923706058
mdlz,2011,37.93000030517578,30.209999084472656,5.690000534057617
mdlz,2012,42.540000915527344,24.5,-11.81999969482422
mdlz,2013,35.43000030517578,25.780000686645508,8.629999160766602
mdlz,2014,39.540000915527344,31.82999992370605,1.520000457763672
mdlz,2015,48.58000183105469,33.970001220703125,8.049999237060547
mdlz,2016,46.400001525878906,35.880001068115234,0.5400009155273438
mdlz,2017,47.22999954223633,39.18999862670898,-2.04999923706054
mdlz,2018,46.540000915527344,37.41999816894531,-2.3800010681152277
mdlz,2019,56.720001220703125,39.459999084472656,15.19000244140625
mdlz,2020,59.959999084472656,41.18999862670898,4.1399993896484375
mdlz,2021,65.5999984741211,52.90999984741211,2.310001373291016
meli,2010,76.80999755859375,35.5,16.049999237060547
meli,2011,95.4800033569336,48.29999923706055,9.43000030517578
meli,2012,104.5,64.18000030517578,-3.25
meli,2013,145.99000549316406,79.80999755859375,25.51000213623047
meli,2014,144.22999572753906,79.5199966430664,24.25999450683595
meli,2015,153.4199981689453,85.75,-11.510002136230469
meli,2016,193.5800018310547,84.19000244140625,46.19000244140624
meli,2017,334.989990234375,157.9499969482422,153.63999938964844
meli,2018,417.9100036621094,257.5199890136719,-29.72998046875
meli,2019,698.97998046875,282.8800048828125,273.92999267578125
meli,2020,1735.75,422.2200012207031,1065.0299682617188
meli,2021,2020.0,1262.3800048828125,207.4100341796875
mnst,2010,9.125,4.001667022705078,2.166666030883789
mnst,2011,16.393333435058594,8.611666679382324,6.431666374206543
mnst,2012,27.98666763305664,13.329999923706056,2.1966657638549822
mnst,2013,22.77666664123535,15.126667022705078,4.513332366943359
mnst,2014,37.83333206176758,21.0,13.856668472290044
mnst,2015,53.5,35.59000015258789,13.599998474121094
mnst,2016,55.5,37.69333267211914,-3.773334503173828
mnst,2017,64.79000091552734,41.02000045776367,17.75
mnst,2018,70.22000122070312,47.61000061035156,-13.489997863769531
mnst,2019,66.37999725341797,47.84000015258789,14.790000915527344
mnst,2020,92.54000091552734,50.060001373291016,28.78000259399414
mnst,2021,99.88999938964844,82.95999908447266,5.319999694824233
mrna,2018,22.75,13.029999732971191,-3.3299999237060547
mrna,2019,29.790000915527344,11.539999961853027,4.229999542236326
mrna,2020,178.5,17.68000030517578,85.2400016784668
mrna,2021,497.489990234375,103.26000213623048,337.6500015258789
mrvl,2010,22.8700008392334,13.869999885559082,-2.480001449584961
mrvl,2011,22.01000022888184,11.229999542236328,-4.690000534057615
mrvl,2012,16.860000610351562,6.980000019073486,-6.729999542236328
mrvl,2013,14.640000343322754,7.179999828338623,6.990000247955322
mrvl,2014,16.649999618530273,11.649999618530272,0.3299999237060564
mrvl,2015,16.780000686645508,7.550000190734863,-5.700000762939453
mrvl,2016,15.0,7.400000095367432,5.069999694824219
mrvl,2017,24.21999931335449,13.829999923706056,7.419999122619625
mrvl,2018,25.18000030517578,14.34000015258789,-6.010000228881836
mrvl,2019,28.3799991607666,15.699999809265137,10.059999465942385
mrvl,2020,48.41999816894531,16.450000762939453,20.160001754760746
mrvl,2021,64.06999969482422,37.91999816894531,14.859996795654297
msft,2010,31.57999992370605,22.729999542236328,-3.040000915527344
msft,2011,29.459999084472656,23.64999961853028,-2.020000457763672
msft,2012,32.95000076293945,26.26000022888184,-0.0600013732910156
msft,2013,38.97999954223633,26.280000686645508,9.789999008178713
msft,2014,50.04999923706055,34.630001068115234,9.290000915527344
msft,2015,56.84999847412109,39.720001220703125,8.720001220703125
msft,2016,64.0999984741211,48.040000915527344,7.340000152587891
msft,2017,87.5,61.95000076293945,22.959999084472656
msft,2018,116.18000030517578,83.83000183105469,15.620002746582031
msft,2019,159.5500030517578,97.1999969482422,56.57999420166014
msft,2020,232.8600006103516,132.52000427246094,61.80000305175781
msft,2021,305.8399963378906,211.94000244140625,78.01998901367188
mtch,2010,8.840662002563477,5.713878154754639,2.338664054870605
mtch,2011,12.532837867736816,8.009709358215332,3.586522102355957
mtch,2012,15.868075370788574,11.6704740524292,1.347802162170412
mtch,2013,20.114219665527344,10.908053398132324,6.182182312011719
mtch,2014,23.02684211730957,16.133638381958008,-2.0388355255126958
mtch,2015,24.17475700378418,12.630000114440918,-3.6687326431274414
mtch,2016,19.739999771118164,8.40999984741211,3.740000724792481
mtch,2017,32.869998931884766,15.420000076293944,13.979999542236328
mtch,2018,60.95000076293945,30.84600067138672,10.389999389648438
mtch,2019,95.31800079345705,40.470001220703125,39.72999954223633
mtch,2020,159.52999877929688,44.7400016784668,67.0
mtch,2021,174.67999267578125,129.67999267578125,14.460006713867188
mu,2010,11.399999618530272,6.360000133514404,-2.8299999237060565
mu,2011,11.949999809265137,3.9700000286102295,-1.989999771118164
mu,2012,9.15999984741211,5.159999847412109,-0.4200000762939453
mu,2013,23.670000076293945,6.449999809265137,15.119999885559082
mu,2014,36.59000015258789,20.63999938964844,13.349998474121094
mu,2015,35.52000045776367,13.5,-20.59000015258789
mu,2016,23.63999938964844,9.3100004196167,7.590000152587889
mu,2017,49.88999938964844,21.489999771118164,18.56999969482422
mu,2018,64.66000366210938,28.38999938964844,-11.939998626708984
mu,2019,56.11000061035156,30.75,21.02999877929688
mu,2020,75.68000030517578,31.1299991607666,19.790000915527344
mu,2021,96.95999908447266,68.80999755859375,-0.5500030517578125
nflx,2010,29.891429901123047,6.931428909301758,17.46000051498413
nflx,2011,43.54142761230469,8.90999984741211,-15.588571548461914
nflx,2012,19.06142807006836,7.544285774230957,2.907143592834471
nflx,2013,55.59428787231445,12.955714225769045,39.45142841339111
nflx,2014,69.89856719970703,42.78571319580078,-3.029998779296868
nflx,2015,133.27000427246094,45.264286041259766,64.5314254760742
nflx,2016,129.2899932861328,79.94999694824219,13.840003967285142
nflx,2017,204.3800048828125,124.30999755859376,64.47000885009767
nflx,2018,423.2099914550781,195.4199981689453,66.58999633789062
nflx,2019,385.989990234375,252.27999877929688,55.910003662109375
nflx,2020,575.3699951171875,290.25,210.9199829101563
nflx,2021,615.5999755859375,478.5400085449219,75.8599853515625
ntes,2010,8.732000350952148,5.23199987411499,-1.1019997596740725
ntes,2011,11.0,7.1479997634887695,1.63800048828125
ntes,2012,13.107999801635742,7.400000095367432,-0.5200004577636719
ntes,2013,15.972000122070312,8.430000305175781,7.222000122070312
ntes,2014,21.49399948120117,12.583999633789062,4.165999412536623
ntes,2015,37.290000915527344,18.833999633789062,16.48600196838379
ntes,2016,54.51599884033203,25.920000076293945,8.644001007080078
ntes,2017,75.52799987792969,43.1259994506836,25.381999969482425
ntes,2018,71.08399963378906,36.91999816894531,-22.60000228881836
ntes,2019,65.0,41.80199813842773,15.379997253417976
ntes,2020,103.52999877929688,53.172000885009766,30.029998779296875
ntes,2021,134.3300018310547,77.97000122070312,-8.29000091552733
nvda,2010,4.739999771118164,2.1624999046325684,-0.7725000381469731
nvda,2011,6.542500019073486,2.867500066757202,-0.4900000095367436
nvda,2012,4.224999904632568,2.7874999046325684,-0.4449999332427978
nvda,2013,4.079999923706055,2.977499961853028,0.8250000476837158
nvda,2014,5.3125,3.829999923706055,1.0474998950958248
nvda,2015,8.484999656677246,4.735000133514404,3.2074999809265137
nvda,2016,29.982500076293945,6.1875,18.59249973297119
nvda,2017,54.66749954223633,23.792499542236328,22.872499465942383
nvda,2018,73.19000244140625,31.114999771118164,-16.462501525878906
nvda,2019,60.45249938964844,31.92250061035156,24.770000457763672
nvda,2020,147.2675018310547,45.16999816894531,70.57250213623047
nvda,2021,230.42999267578125,115.66500091552734,93.64500427246094
nxpi,2010,21.56999969482422,10.229999542236328,6.930000305175781
nxpi,2011,35.31999969482422,13.0600004196167,-6.060000419616699
nxpi,2012,27.959999084472656,15.630000114440918,10.309999465942385
nxpi,2013,46.31999969482422,24.65999984741211,18.10000038146973
nxpi,2014,78.33999633789062,42.41999816894531,32.480003356933594
nxpi,2015,114.0,72.05000305175781,7.44000244140625
nxpi,2016,107.54000091552734,61.61000061035156,13.569999694824231
nxpi,2017,118.1999969482422,96.0,19.42999267578125
nxpi,2018,125.93000030517578,67.62000274658203,-44.66999816894533
nxpi,2019,129.5,71.55999755859375,52.23000335693361
nxpi,2020,167.27000427246094,58.40999984741211,30.470001220703125
nxpi,2021,228.72000122070312,156.02000427246094,50.08000183105469
okta,2017,33.63999938964844,21.520000457763672,2.1000003814697195
okta,2018,75.48999786376953,25.1299991607666,37.34000015258789
okta,2019,141.85000610351562,59.27999877929688,52.11000442504884
okta,2020,287.3500061035156,88.66000366210938,136.9499969482422
okta,2021,294.0,199.0800018310547,3.3099975585937216
orly,2010,63.04999923706055,37.470001220703125,21.919998168945312
orly,2011,82.16999816894531,53.33000183105469,19.25999832153321
orly,2012,107.12999725341795,75.61000061035156,11.269996643066406
orly,2013,135.6199951171875,87.05999755859375,38.84000396728516
orly,2014,196.8000030517578,128.1999969482422,63.86000061035156
orly,2015,277.9599914550781,179.0,61.30999755859372
orly,2016,292.8399963378906,225.1199951171875,32.300003051757784
orly,2017,283.9700012207031,169.42999267578125,-40.28001403808594
orly,2018,363.2000122070313,217.63999938964844,95.06999206542966
orly,2019,454.30999755859375,329.8599853515625,97.11001586914062
orly,2020,487.9500122070313,251.5200042724609,15.050018310546932
orly,2021,621.72998046875,424.0299987792969,138.38998413085938
payx,2010,32.81999969482422,24.64999961853028,0.0900001525878906
payx,2011,33.90999984741211,25.1200008392334,-1.279998779296882
payx,2012,34.70000076293945,29.1200008392334,0.6700000762939453
payx,2013,45.93999862670898,31.46999931335449,13.679998397827156
payx,2014,48.20000076293945,39.79999923706055,1.1099967956542969
payx,2015,54.77999877929688,41.59000015258789,6.649997711181641
payx,2016,62.18000030517578,45.7599983215332,9.330001831054688
payx,2017,70.38999938964844,54.20000076293945,7.020000457763672
payx,2018,76.0199966430664,59.36000061035156,-2.159996032714844
payx,2019,88.43000030517578,63.33000183105469,19.98999786376953
payx,2020,99.9499969482422,47.869998931884766,8.069999694824219
payx,2021,118.22000122070312,85.30000305175781,19.94000244140624
pcar,2010,57.83000183105469,33.45000076293945,20.729999542236328
pcar,2011,58.75,31.56999969482422,-20.36999893188477
pcar,2012,48.220001220703125,35.209999084472656,6.409999847412109
pcar,2013,60.0,45.41999816894531,12.629997253417969
pcar,2014,71.1500015258789,53.59000015258789,9.500003814697266
pcar,2015,68.87000274658203,45.040000915527344,-20.75
pcar,2016,68.5,43.459999084472656,16.740001678466797
pcar,2017,75.68000030517578,61.93000030517578,5.760002136230469
pcar,2018,79.69000244140625,53.43000030517578,-15.879997253417969
pcar,2019,83.41000366210938,55.84000015258789,21.23999786376953
pcar,2020,95.81999969482422,49.11000061035156,6.769996643066406
pcar,2021,103.19000244140624,79.05000305175781,-1.1100006103515625
pdd,2018,30.479999542236328,16.530000686645508,-4.260000228881836
pdd,2019,45.25,18.459999084472656,15.610000610351562
pdd,2020,182.67999267578125,30.200000762939453,136.43999862670898
pdd,2021,212.6000061035156,74.12000274658203,-63.02999877929688
pep,2010,68.11000061035156,58.75,4.090000152587891
pep,2011,71.88999938964844,58.5,0.5999984741210938
pep,2012,73.66000366210938,62.150001525878906,2.029998779296875
pep,2013,87.05999755859375,68.63999938964844,13.610000610351562
pep,2014,100.6999969482422,77.01000213623047,12.45999908447267
pep,2015,103.44000244140624,76.4800033569336,5.479995727539091
pep,2016,110.94000244140624,93.25,5.860000610351548
pep,2017,120.56999969482422,101.05999755859376,15.26999664306642
pep,2018,122.51000213623048,95.94000244140624,-7.57999420166017
pep,2019,140.4499969482422,106.7300033569336,27.38999938964844
pep,2020,148.77000427246094,101.41999816894533,12.479995727539062
pep,2021,159.6300048828125,128.32000732421875,11.19000244140625
pton,2019,37.02000045776367,20.459999084472656,2.639999389648437
pton,2020,167.3699951171875,17.700000762939453,121.98000144958496
pton,2021,171.08999633789062,80.4800033569336,-31.57000732421875
pypl,2015,42.54999923706055,30.0,-0.5099983215332031
pypl,2016,44.52000045776367,30.520000457763672,4.720001220703125
pypl,2017,79.38500213623047,39.02000045776367,33.37000274658203
pypl,2018,93.6999969482422,70.22000122070312,10.25
pypl,2019,121.4800033569336,81.91000366210938,22.419998168945327
pypl,2020,244.25,82.06999969482422,123.4499969482422
pypl,2021,310.1600036621094,223.08999633789065,52.40000915527344
qcom,2010,50.310001373291016,31.6299991607666,2.55000305175782
qcom,2011,59.84000015258789,45.97999954223633,4.520000457763672
qcom,2012,68.87000274658203,53.09000015258789,6.590000152587891
qcom,2013,74.31999969482422,59.02000045776367,9.5
qcom,2014,81.97000122070312,67.66999816894531,1.0100021362304688
qcom,2015,75.30000305175781,45.93000030517578,-24.28999710083008
qcom,2016,71.62000274658203,42.2400016784668,15.079998016357422
qcom,2017,69.27999877929688,48.91999816894531,-1.3800048828125
qcom,2018,76.5,48.560001373291016,-8.289997100830078
qcom,2019,94.11000061035156,49.09999847412109,30.830001831054688
qcom,2020,161.07000732421875,58.0,63.649993896484375
qcom,2021,167.94000244140625,122.98999786376952,-5.82000732421875
regn,2010,33.939998626708984,20.450000762939453,8.200002670288086
regn,2011,79.9000015258789,32.31999969482422,21.61000061035156
regn,2012,188.9499969482422,56.0099983215332,114.64000701904295
regn,2013,319.8299865722656,154.16000366210938,94.0399932861328
regn,2014,437.6400146484375,262.9700012207031,135.66000366210938
regn,2015,605.9299926757812,393.0,132.70999145507812
regn,2016,532.9099731445312,325.3500061035156,-149.45999145507812
regn,2017,543.5499877929688,340.0899963378906,-3.740020751953182
regn,2018,416.489990234375,281.8900146484375,-9.100006103515623
regn,2019,442.0,271.3699951171875,3.040008544921818
regn,2020,664.6400146484375,328.1300048828125,109.75997924804688
regn,2021,686.6199951171875,441.0,167.6300048828125
rost,2010,16.645000457763672,10.574999809265137,5.140000343322754
rost,2011,24.575000762939453,15.037500381469728,7.794999122619632
rost,2012,35.40999984741211,23.52499961853028,3.399999618530273
rost,2013,40.994998931884766,26.520000457763672,10.245000839233402
rost,2014,48.095001220703125,30.915000915527344,9.995002746582031
rost,2015,56.68000030517578,43.470001220703125,6.944999694824219
rost,2016,69.80999755859375,50.41999816894531,11.229999542236328
rost,2017,81.4800033569336,52.84999847412109,14.639999389648438
rost,2018,104.3499984741211,73.76000213623047,2.6999969482421875
rost,2019,117.58000183105467,81.80000305175781,32.63999938964845
rost,2020,124.16000366210938,56.29999923706055,5.979995727539091
rost,2021,134.22000122070312,107.22000122070312,-4.260002136230455
sbux,2010,16.575000762939453,10.630000114440918,4.5400009155273455
sbux,2011,23.25,15.375,6.379999160766602
sbux,2012,31.0,21.520000457763672,4.170000076293945
sbux,2013,41.25,26.26000022888184,11.69499969482422
sbux,2014,42.09999847412109,33.96500015258789,2.44000244140625
sbux,2015,64.0,39.27999877929688,19.30999755859376
sbux,2016,61.790000915527344,50.84000015258789,-2.7399978637695312
sbux,2017,64.87000274658203,52.58000183105469,2.0800018310546946
sbux,2018,68.9800033569336,47.369998931884766,6.770000457763672
sbux,2019,99.72000122070312,61.400001525878906,23.599998474121094
sbux,2020,107.13999938964844,50.02000045776367,17.6300048828125
sbux,2021,126.31999969482422,95.91999816894533,16.23999786376953
sgen,2010,18.049999237060547,9.239999771118164,4.409999847412109
sgen,2011,22.39999961853028,12.289999961853027,1.1299991607666016
sgen,2012,29.82999992370605,16.34000015258789,6.770000457763672
sgen,2013,49.22999954223633,23.309999465942383,15.749999999999996
sgen,2014,55.9900016784668,30.5,-8.049999237060547
sgen,2015,52.33000183105469,30.049999237060547,12.34000015258789
sgen,2016,75.36000061035156,26.020000457763672,10.85000228881836
sgen,2017,71.31999969482422,45.310001373291016,0.5
sgen,2018,84.37000274658203,47.75,0.529998779296875
sgen,2019,122.36000061035156,54.29999923706055,56.770000457763686
sgen,2020,213.94000244140625,90.56999969482422,62.72999572753906
sgen,2021,199.0,133.1999969482422,-16.919998168945312
siri,2010,1.690000057220459,0.6100000143051147,0.9800000190734864
siri,2011,2.440000057220459,1.2699999809265137,0.1299999952316286
siri,2012,3.009999990463257,1.7799999713897705,1.03000009059906
siri,2013,4.179999828338623,2.950000047683716,0.4700000286102295
siri,2014,3.890000104904175,2.9800000190734863,0.0
siri,2015,4.199999809265137,3.309999942779541,0.5900001525878906
siri,2016,4.650000095367432,3.289999961853028,0.4999997615814209
siri,2017,5.889999866485596,4.400000095367432,0.9200000762939452
siri,2018,7.699999809265137,5.170000076293945,0.5
siri,2019,7.199999809265137,5.230000019073486,1.25
siri,2020,7.400000095367432,4.110000133514404,-0.7600002288818359
siri,2021,8.140000343322754,5.75,-0.1700000762939453
snps,2010,27.43000030517578,20.270000457763672,4.469999313354492
snps,2011,29.350000381469727,21.3700008392334,0.210000991821289
snps,2012,34.20000076293945,26.32999992370605,4.850000381469727
snps,2013,40.790000915527344,31.34000015258789,8.290000915527344
snps,2014,45.02999877929688,36.02999877929688,3.0500030517578125
snps,2015,52.77999877929688,41.59999847412109,2.510002136230476
snps,2016,62.0,39.2599983215332,13.94000244140625
snps,2017,94.8000030517578,59.040000915527344,25.86999893188477
snps,2018,103.4000015258789,79.13999938964844,-1.7900009155273438
snps,2019,146.66000366210938,81.02999877929688,55.149993896484375
snps,2020,261.1300048828125,104.9000015258789,116.3699951171875
snps,2021,340.6600036621094,217.69000244140625,77.78999328613281
splk,2012,39.75,25.14999961853028,-6.459999084472656
splk,2013,74.97000122070312,28.25,39.40999794006348
splk,2014,106.1500015258789,39.34999847412109,-12.509998321533203
splk,2015,76.8499984741211,51.40999984741211,0.0200004577636718
splk,2016,65.75,29.850000381469727,-6.5
splk,2017,84.87999725341797,51.29999923706055,30.339996337890625
splk,2018,130.0,82.62999725341797,18.220001220703125
splk,2019,153.66000366210938,99.48999786376952,46.45000457763672
splk,2020,225.88999938964844,93.91999816894533,17.910003662109375
splk,2021,178.17999267578125,110.27999877929688,-12.519989013671877
swks,2010,29.75,12.640000343322754,13.80999946594238
swks,2011,37.81999969482422,13.720000267028809,-13.34000015258789
swks,2012,31.440000534057617,16.479999542236328,3.479999542236328
swks,2013,28.63999938964844,19.56999969482422,6.909999847412106
swks,2014,74.97000122070312,27.200000762939453,45.30999946594238
swks,2015,112.87999725341795,68.70999908447266,3.5100021362304688
swks,2016,82.27999877929688,54.5,-3.2699966430664062
swks,2017,117.6500015258789,73.94000244140625,19.799995422363292
swks,2018,115.9800033569336,62.709999084472656,-31.41000366210937
swks,2019,122.88999938964844,60.119998931884766,52.9199981689453
swks,2020,158.61000061035156,67.9000015258789,31.210006713867173
swks,2021,204.0,148.02000427246094,26.61000061035156
tcom,2010,26.57999992370605,14.949999809265137,2.1000003814697266
tcom,2011,25.28499984741211,11.164999961853027,-9.11500072479248
tcom,2012,14.0600004196167,6.179999828338623,-0.975000381469723
tcom,2013,30.545000076293945,9.4350004196167,13.229999542236326
tcom,2014,34.869998931884766,17.979999542236328,-1.9549999237060511
tcom,2015,57.36000061035156,21.53499984741211,23.72000122070313
tcom,2016,49.619998931884766,35.5,-5.229999542236328
tcom,2017,60.650001525878906,40.400001525878906,3.6099967956542898
tcom,2018,51.90999984741211,25.0,-19.01000022888184
tcom,2019,46.5,26.31999969482422,5.950000762939453
tcom,2020,38.95000076293945,20.100000381469727,-3.240001678466797
tcom,2021,45.18999862670898,23.61000061035156,-2.59000015258789
team,2015,31.459999084472656,21.0,9.079999923706051
team,2016,35.15999984741211,16.920000076293945,-3.3299999237060582
team,2017,53.45000076293945,24.200000762939453,20.920000076293945
team,2018,98.21299743652344,45.61000061035156,41.92000198364258
team,2019,149.8000030517578,84.18000030517578,31.30999755859375
team,2020,250.02999877929688,110.01000213623048,110.98999786376956
team,2021,387.4750061035156,198.8000030517578,148.4100036621094
tmus,2010,25.86000061035156,11.039999961853027,9.32000064849854
tmus,2011,37.58000183105469,15.020000457763672,-8.779998779296879
tmus,2012,29.020000457763672,11.0600004196167,1.0999984741210938
tmus,2013,34.099998474121094,16.010000228881836,14.23999977111816
tmus,2014,35.5,24.26000022888184,-6.429998397827148
tmus,2015,43.43000030517578,26.459999084472656,11.81999969482422
tmus,2016,59.18999862670898,33.22999954223633,18.55999755859375
tmus,2017,68.87999725341797,54.59999847412109,5.189998626708984
tmus,2018,70.94000244140625,55.09000015258789,-0.4300003051757812
tmus,2019,85.22000122070312,62.54999923706055,13.159996032714844
tmus,2020,135.0,63.5,56.260009765625
tmus,2021,150.1999969482422,115.88999938964844,-1.6199951171875
tsla,2010,7.283999919891357,2.996000051498413,0.5480003356933585
tsla,2011,7.0,4.2220001220703125,0.3880000114440918
tsla,2012,7.989999771118164,4.527999877929688,1.1579999923706057
tsla,2013,38.900001525878906,6.421999931335449,23.014000415802
tsla,2014,58.28400039672852,27.333999633789062,14.46199798583985
tsla,2015,57.33000183105469,36.27999877929688,4.1399993896484375
tsla,2016,53.86800003051758,28.209999084472656,-1.944000244140632
tsla,2017,77.9219970703125,42.19200134277344,18.87200164794922
tsla,2018,77.49199676513672,48.917999267578125,2.4539947509765625
tsla,2019,87.06199645996094,35.39799880981445,21.64200210571289
tsla,2020,718.719970703125,70.10199737548828,619.6179809570312
tsla,2021,900.4000244140625,539.489990234375,6.5
txn,2010,33.93000030517578,22.280000686645508,6.4899997711181605
txn,2011,36.709999084472656,24.34000015258789,-3.619998931884769
txn,2012,34.2400016784668,26.059999465942383,1.1299991607666016
txn,2013,44.09000015258789,31.38999938964844,11.599998474121094
txn,2014,56.0,40.33000183105469,10.370002746582038
txn,2015,59.9900016784668,43.4900016784668,1.3300018310546875
txn,2016,75.25,46.72999954223633,18.630001068115234
txn,2017,105.33000183105467,72.47000122070312,30.86000061035155
txn,2018,120.75,87.69999694824219,-11.06999969482422
txn,2019,132.1999969482422,88.68000030517578,33.83999633789061
txn,2020,167.24000549316406,93.08999633789062,34.55999755859375
txn,2021,197.5800018310547,160.75999450683594,28.42999267578128
vrsk,2010,34.86000061035156,26.64999961853028,4.230001449584961
vrsk,2011,40.209999084472656,30.76000022888184,5.659999847412109
vrsk,2012,52.130001068115234,38.43999862670898,11.610000610351562
vrsk,2013,69.08999633789062,51.16999816894531,12.740001678466797
vrsk,2014,67.4800033569336,56.369998931884766,-1.0699996948242188
vrsk,2015,82.0,62.27999877929688,12.909996032714844
vrsk,2016,86.0,64.79000091552734,5.8699951171875
vrsk,2017,98.5999984741211,75.5999984741211,14.68000030517578
vrsk,2018,125.98999786376952,90.5999984741211,13.20999908447267
vrsk,2019,164.97000122070312,104.91999816894533,40.68999481201172
vrsk,2020,210.66000366210932,116.61000061035156,56.47000122070315
vrsk,2021,209.6699981689453,159.7899932861328,2.6699981689453125
vrsn,2010,37.18000030517578,21.209999084472656,7.929998397827148
vrsn,2011,37.72999954223633,27.0,2.310001373291016
vrsn,2012,50.150001525878906,32.810001373291016,3.0
vrsn,2013,59.88999938964844,37.54999923706055,19.930000305175795
vrsn,2014,62.959999084472656,46.45000076293945,-3.020000457763672
vrsn,2015,93.94000244140624,53.47999954223633,30.170001983642585
vrsn,2016,91.98999786376952,70.26000213623047,-7.879997253417969
vrsn,2017,118.27999877929688,76.44999694824219,37.130004882812486
vrsn,2018,176.75999450683594,105.4000015258789,38.81999206542969
vrsn,2019,221.77999877929688,142.3699951171875,44.91999816894531
vrsn,2020,221.3000030517578,148.77000427246094,19.66999816894537
vrsn,2021,234.5599975585937,184.6000061035156,7.589996337890625
vrtx,2010,44.2400016784668,31.25,-9.210002899169922
vrtx,2011,58.869998931884766,26.5,-2.7800025939941406
vrtx,2012,66.0999984741211,32.040000915527344,9.670001983642578
vrtx,2013,89.95999908447266,42.720001220703125,30.650001525878903
vrtx,2014,124.3499984741211,59.790000915527344,44.97000122070311
vrtx,2015,143.4499969482422,97.4499969482422,2.7600021362304545
vrtx,2016,124.95999908447266,71.45999908447266,-49.220001220703125
vrtx,2017,167.86000061035156,73.33999633789062,74.97000122070312
vrtx,2018,194.9199981689453,144.07000732421875,12.800003051757812
vrtx,2019,225.66000366210932,160.9499969482422,54.8699951171875
vrtx,2020,306.0799865722656,197.47000122070312,16.889999389648466
vrtx,2021,242.9900054931641,185.3300018310547,-40.8599853515625
wba,2010,40.20000076293945,26.26000022888184,1.6599998474121094
wba,2011,47.11000061035156,30.34000015258789,-6.259998321533203
wba,2012,37.75,28.530000686645508,3.949996948242188
wba,2013,60.93000030517578,37.060001373291016,19.37999725341796
wba,2014,77.9800033569336,55.27000045776367,19.569995880126957
wba,2015,97.3000030517578,73.0,9.160003662109377
wba,2016,88.0,71.5,-0.2900009155273437
wba,2017,89.69000244140625,63.81999969482422,-10.339996337890623
wba,2018,86.30999755859375,59.06999969482422,-6.6199951171875
wba,2019,74.94000244140625,49.02999877929688,-9.080001831054688
wba,2020,59.77999877929688,33.36000061035156,-19.200000762939453
wba,2021,57.04999923706055,39.93999862670898,8.049999237060547
wday,2012,57.209999084472656,45.04999923706055,5.810001373291023
wday,2013,84.41999816894531,50.040000915527344,30.250003814697266
wday,2014,116.47000122070312,64.20999908447266,-0.1599960327148437
wday,2015,95.16999816894533,65.33000183105469,-0.7300033569335938
wday,2016,93.3499984741211,47.31999969482422,-11.670005798339844
wday,2017,116.88999938964844,66.75,33.36000061035155
wday,2018,172.6699981689453,100.23999786376952,56.27999114990234
wday,2019,226.8300018310547,151.05999755859375,4.709991455078125
wday,2020,259.010009765625,107.75,72.1499938964844
wday,2021,282.7699890136719,217.6000061035156,39.44999694824219
xel,2010,24.36000061035156,19.809999465942383,2.469999313354496
xel,2011,27.780000686645508,21.200000762939453,4.079999923706058
xel,2012,29.920000076293945,25.84000015258789,-0.6300010681152344
xel,2013,31.790000915527344,26.770000457763672,0.5600013732910156
xel,2014,37.58000183105469,27.270000457763672,8.409997940063473
xel,2015,38.34999847412109,31.76000022888184,-0.2099990844726562
xel,2016,45.41999816894531,35.189998626708984,5.0
xel,2017,52.220001220703125,40.040000915527344,7.490001678466797
xel,2018,54.11000061035156,41.5099983215332,1.4599990844726562
xel,2019,66.05000305175781,47.70000076293945,15.270000457763672
xel,2020,76.44000244140625,46.58000183105469,4.289997100830078
xel,2021,72.94000244140625,57.22999954223633,2.0999984741210938
xlnx,2010,29.39999961853028,22.75,3.6000003814697266
xlnx,2011,37.369998931884766,26.549999237060547,2.6400012969970703
xlnx,2012,37.7400016784668,30.25,3.420001983642578
xlnx,2013,48.119998931884766,34.97999954223633,8.829998016357422
xlnx,2014,55.59000015258789,36.2400016784668,-2.680000305175781
xlnx,2015,50.720001220703125,37.20000076293945,3.3700027465820384
xlnx,2016,62.2400016784668,40.43999862670898,14.56999969482422
xlnx,2017,75.13999938964844,54.9900016784668,8.349998474121094
xlnx,2018,95.18000030517578,62.27000045776367,17.290000915527344
xlnx,2019,141.60000610351562,82.55999755859375,10.919998168945312
xlnx,2020,154.1199951171875,67.68000030517578,40.12000274658203
xlnx,2021,159.3000030517578,111.83999633789062,12.6300048828125
zm,2019,107.33999633789062,59.93999862670898,6.040000915527344
zm,2020,588.8400268554688,65.81199645996094,268.6000061035156
zm,2021,451.7699890136719,273.20001220703125,-58.480010986328125
